Orders,Total Matches,Shares Sold,Dollars Traded,Time
200000,156892,195764846.224240,498846756,0.303221,

Price,Quantitiy Traded,BuyerID,SellerID
1.164175,1152.579358,6,3
1.773295,1227.148539,137,136
4.076841,887.067200,249,132
2.879410,774.712252,360,387
1.393377,923.828665,369,521
3.702170,1166.754502,638,527
1.759480,4156.495686,770,772
1.018168,165.973552,898,909
2.908540,447.178088,1034,1032
1.691344,1221.561749,1171,1172
3.823097,602.989386,1307,1249
2.048651,2177.325110,1409,1426
2.776518,215.557853,1554,1545
2.728785,372.015363,1658,1669
1.953555,462.585610,1783,1784
1.409423,143.287458,470,1914
1.944148,2770.545373,2030,2029
2.278292,1170.289163,2158,2157
3.096147,221.945208,2287,2273
1.532337,1340.611151,2392,2412
3.034323,206.376982,2529,2528
1.815504,796.676137,2633,2634
1.269450,1173.728521,2763,2766
3.805425,594.349768,2889,2874
3.816082,2200.816473,3012,2999
3.892443,1597.463976,3148,3051
1.594904,493.812578,3256,3268
3.672773,768.472004,3380,3381
3.061305,464.027402,3508,3503
1.549066,1659.053013,3530,3633
4.044882,1290.855731,3764,3601
2.892123,187.079346,3912,3905
1.288048,3142.411907,4053,4055
1.805643,475.515248,4164,4167
3.468528,2947.705453,4295,4286
1.247905,86.518197,4419,4424
3.753478,2539.516423,4523,4475
2.902649,2708.798251,4654,4636
4.077636,731.765110,4756,4605
3.832273,1396.882596,4896,4832
3.030116,460.448783,5048,5042
2.305875,514.100727,5152,5151
3.393042,704.180287,5283,5258
3.618502,578.247992,5390,5382
4.042255,752.213647,5513,5016
4.097694,1756.268477,5634,5589
1.056066,540.307048,5762,5763
2.817936,167.071198,5893,5888
2.172311,611.383720,5924,6017
1.156078,286.548505,5911,6128
1.744791,276.496554,6217,6254
2.433565,2195.765120,6383,6370
1.531278,3324.397763,6523,6526
3.822694,777.411212,6645,6644
2.811223,1160.494872,6753,6739
1.882124,258.551214,6894,6883
1.770824,3379.738503,6412,7034
2.694498,1229.892547,7149,7156
1.172038,1118.602250,7220,7280
1.946174,926.543527,7380,7375
2.786861,795.834498,7527,7531
1.828185,2447.781228,7648,7650
3.009566,2441.521315,7776,7771
3.409356,3288.804364,7897,7888
1.818082,304.202391,8007,8005
1.455124,3617.474676,8124,8136
4.030186,3311.724167,8252,6567
1.397438,504.605179,8372,8375
2.649043,1927.955622,8512,8510
2.025343,1947.355110,8659,8663
1.799620,89.554476,8776,8783
3.200201,3808.944528,8916,8913
2.340567,4277.953724,9036,9044
3.963319,433.636845,9181,8942
2.293930,3032.444580,9301,9307
2.316094,2836.572117,9440,9438
2.465911,2754.992386,9561,9554
3.688820,3146.395281,9670,9587
1.801644,489.549892,9791,9801
3.917037,1379.463630,9924,9460
1.617224,1968.315780,8105,10057
2.078478,3105.083825,10191,10189
3.370451,3202.161783,10321,10320
3.825310,638.005649,10441,10127
2.246524,257.931618,10451,10576
3.943876,104.064778,10689,9627
2.799823,716.749111,10832,10827
1.486226,1444.998924,10951,10955
2.749042,1066.591168,11098,11095
2.249629,259.145386,11192,11223
4.024481,178.715879,11344,11336
1.445999,2808.904067,11452,11497
3.991208,2691.505131,11614,11478
2.266295,458.230925,11727,11724
1.833466,2350.305432,11859,11868
3.638007,270.566937,11983,11949
2.115210,1088.775612,12073,12102
3.802551,183.349824,12227,12125
1.372055,1387.286765,12350,12353
3.940514,122.052881,12478,12361
1.304051,157.753165,12579,12584
3.243215,2136.429169,12728,12720
2.081851,83.229847,12875,12852
3.733057,2736.710781,12994,12804
2.999557,1168.461328,13113,13107
2.883555,1020.985758,13239,13244
1.668577,474.842729,13329,13388
1.753488,1281.735270,13500,13506
2.328464,411.666234,13627,13644
2.402284,3285.237857,13765,13764
2.348064,1335.664591,13787,13892
3.606758,1097.930828,14034,14019
3.111167,91.413546,14155,14157
3.777461,1501.835450,14291,14241
3.567142,1419.125435,14411,14389
1.366876,1727.646971,14573,14577
2.524838,3071.016127,14697,14700
3.424886,2489.194359,14823,14819
2.369411,451.411694,14951,14949
1.390891,2772.131271,15055,15063
2.824599,2735.419064,15193,15189
1.630849,269.141453,15313,15314
3.456618,1240.222025,15429,15438
1.265149,1539.850661,15538,15547
3.234265,504.077381,15685,15603
1.276709,351.058221,15810,15813
3.170668,109.237577,15942,15905
2.548569,2075.061200,16087,16083
1.427091,2474.620957,16211,16216
2.021398,214.764761,16321,16336
3.379925,1524.254439,16447,16448
1.315158,1705.507816,16574,16594
1.572759,887.802392,16503,16706
3.317698,943.172811,16835,16833
3.235344,325.544443,16966,16959
2.989049,3006.802515,17101,17098
1.472405,1552.987715,16590,17246
3.574928,1543.710930,17383,17345
3.821428,491.990063,17504,16857
2.762085,1508.901497,17619,17622
1.723996,778.463308,15090,17725
2.543969,3785.600331,17841,17842
1.467503,233.514056,17907,17991
3.153892,927.477260,18127,18124
2.175874,818.924389,18236,18255
1.607496,1466.941077,18276,18370
1.938160,880.004228,18482,18480
2.183407,563.103017,18614,18608
1.492654,379.551058,18693,18740
2.313701,3879.816952,18849,18844
1.972315,1326.782788,18998,19001
3.504593,270.664322,19121,19076
3.210456,0.941008,19255,19250
3.881926,701.202991,19362,19377
2.721516,367.916599,19521,19513
1.181893,1609.629649,19589,19630
2.064802,525.168271,19760,19769
1.162294,991.032306,19874,19875
1.372738,292.924935,20002,20012
4.073353,879.893612,20131,15869
1.926896,807.927806,20258,20268
2.711227,1357.832368,20407,20395
1.917826,1769.097287,20506,20517
3.020271,460.886895,20628,20625
1.604834,2479.364333,20218,20764
2.677145,1950.687753,20851,20902
2.114231,1568.877827,21035,21048
1.802668,2930.878189,20998,21158
1.691482,523.495861,21281,21295
3.031442,1002.575590,21414,21403
3.734663,1600.678142,21569,21496
1.931522,1569.701659,21698,21707
2.017893,162.110679,21821,21829
3.688664,4039.877081,21949,21931
2.090172,356.326989,21988,22088
2.775190,1080.815970,22211,22212
4.082118,350.695516,22333,20662
4.099814,304.523839,22441,14844
3.596187,1258.140821,22564,22560
4.121935,360.481385,22664,15959
1.927124,591.343095,22761,22795
2.098389,370.812683,22934,22930
2.548265,645.429024,23045,23067
2.508514,811.125136,23191,23201
3.634062,235.730945,23327,23329
4.013507,1799.579474,23451,23447
3.655623,125.955207,23590,23557
1.109970,1464.709741,23352,23710
2.497170,2948.963126,23854,23856
1.910447,951.482585,23972,23996
3.387932,48.172146,24117,24104
2.676112,2280.582343,24263,24260
3.156727,2443.143173,24391,24379
1.676141,1183.101410,24503,24519
2.525928,1125.637890,24641,24649
2.375088,2044.171004,24753,24752
3.489495,1661.402087,24883,24885
4.083121,297.787176,24999,24808
1.750561,2364.093737,25128,25141
2.599328,197.943383,25274,25269
4.040020,1625.659940,25389,25297
4.083121,70.042689,25485,24808
2.646121,494.882324,25603,25628
3.655502,1038.995317,25769,25659
1.412301,362.155036,23368,25878
1.020680,79.500721,25976,25990
3.657293,1963.949311,26136,26084
2.202245,262.603830,26256,26268
2.126279,430.821277,26257,26408
2.428410,114.861977,26526,26525
2.163633,563.857907,26631,26645
1.928006,2100.651432,26774,26772
1.650294,1435.794954,26868,26873
1.670659,959.352394,26994,26993
1.865129,1605.720659,27109,27136
3.845381,4057.731603,27281,27273
3.408522,135.050570,27391,27407
3.044790,1344.100784,27548,27530
2.050820,1714.174819,27666,27667
3.641039,442.770260,27801,27690
1.859950,3053.955915,27938,27939
2.983892,1680.685279,28068,28055
3.622684,2591.289354,28181,28183
1.742278,1492.124027,28314,28320
4.132700,57.614066,28458,7817
1.252246,210.967313,28581,28584
2.085796,4443.224175,28717,28723
1.666254,2076.530287,28833,28834
1.565736,1294.177428,28940,28945
2.583505,195.686324,29063,28902
2.257442,1190.918497,29187,29185
2.998098,691.834843,29348,29306
1.059301,1663.091623,29473,29477
3.565969,819.291161,29626,29621
3.916389,1952.450214,29760,29253
1.647304,1044.871484,29896,29901
4.009815,82.677784,29987,29197
3.666860,1266.359133,30138,30135
2.901725,1821.672515,30259,30261
2.513681,1022.300857,30388,30381
1.165822,2343.941987,30514,30516
2.386738,1846.193516,30640,30631
2.020891,2583.538644,30761,30765
1.220123,697.075645,30884,30887
2.097089,198.278806,30869,31024
1.532768,282.888902,31181,31182
1.701386,1906.834658,31255,31295
4.062087,731.944810,31405,29441
4.086810,44.686668,31523,31079
3.226329,946.750671,31648,31636
1.075295,1221.460759,31698,31788
1.157707,2235.968039,31867,31904
4.069292,352.768738,32011,31727
2.399318,1287.992443,32133,32132
1.264370,1046.794418,32260,32269
2.295764,2232.981380,32394,32379
2.679977,2198.516684,32498,32494
1.914016,312.081270,32607,32627
3.356554,1450.568098,32763,32739
1.427216,2178.098099,32886,32889
3.280818,3348.702107,33025,33018
2.298174,1023.112332,33106,33159
2.440634,311.030812,33279,33277
1.324112,1979.696125,33406,33415
1.799604,1502.329121,33540,33543
1.397091,1565.844715,32917,33693
1.728964,2872.691657,33822,33823
3.816215,2189.708731,33941,33939
2.857028,144.069163,34064,34066
3.241611,2246.039182,34186,34179
3.572503,3041.098429,34315,34312
3.092954,3050.878789,34430,34429
1.102743,1061.192780,34349,34552
2.342844,226.614830,34674,34677
2.420933,126.653187,34803,34790
3.034863,1076.902739,34946,34944
2.352974,1786.464132,35053,35054
1.310185,3208.864632,35149,35170
1.339717,981.682113,35278,35302
1.363134,825.157153,35409,35424
3.210957,252.865922,35572,35550
3.543990,586.813429,35712,35707
2.365213,843.528816,35832,35841
1.138721,3632.918157,35889,35967
1.791829,124.340932,36081,36093
3.230955,2413.438459,36235,36222
3.502819,1113.848842,36363,36319
1.060891,1836.784884,36343,36483
2.503417,1860.837051,36605,36596
3.017037,1055.558688,36724,36717
3.131301,706.176962,36861,36850
1.682481,42.344777,36328,36974
1.931371,931.142366,37094,37110
2.416956,454.793950,37221,37216
1.358387,866.611294,37343,37349
1.630744,5.141429,37483,37484
1.749520,156.732887,37618,37619
2.211661,693.588283,37757,37755
2.432452,1093.362397,37881,37882
1.415782,270.388752,37740,38009
1.198939,1114.559014,38062,38155
2.885709,1783.564966,38287,38259
1.164817,890.027525,38398,38403
1.522808,490.531479,37500,38547
2.865382,3159.402045,38657,38656
2.343338,168.716607,38784,38781
2.522355,1537.299529,38925,38924
3.111799,2597.662335,39046,39020
3.701201,737.869557,39170,38864
2.484808,2678.217648,39297,39293
1.545094,3072.620803,39388,39404
3.857478,2525.230366,39535,39231
3.492119,21.765841,39667,39651
2.314996,1506.659151,39790,39788
3.182029,2351.137064,39926,39925
2.020220,1363.351276,40048,40046
2.264008,897.316227,40191,40186
3.232529,119.891826,40296,40276
2.181383,96.994595,40434,40438
3.554883,2209.547425,40558,40557
2.133789,468.879618,40674,40670
3.693995,2445.855645,40808,40721
3.943276,1979.793134,40924,40422
3.072323,70.875383,41042,41025
3.416357,1034.093912,41186,41185
2.390061,1837.587753,41306,41307
1.529942,864.080221,41145,41442
1.436014,3100.631753,41071,41566
3.936086,808.015409,41707,41119
1.322160,1411.343607,41816,41820
3.386830,729.191971,41934,41937
2.287866,1899.047183,42054,42094
2.669018,232.032723,42231,42220
3.960957,264.432142,42378,42350
3.002549,764.273386,42528,42519
3.535119,1101.268849,42671,42628
1.273211,2075.704285,42785,42797
2.304309,44.462196,42907,42913
2.300058,84.812070,42999,43012
2.244440,487.516391,43136,43138
2.053676,963.487643,43247,43273
2.092949,142.321284,43420,43416
2.535442,381.772199,43544,43552
1.538934,1999.861910,43557,43689
2.886877,11.605203,43834,43816
3.850936,364.069174,43953,43776
3.750931,1184.180769,44102,44083
3.981680,471.319412,44241,44211
3.742493,1998.000622,44358,44324
2.008902,150.105822,44356,44486
1.284410,3112.537888,44600,44607
2.621572,1965.935420,44744,44752
4.061993,2513.857578,44862,38850
4.074206,241.236939,44985,40932
1.825633,128.632747,45091,45111
3.265505,387.550216,45230,45198
3.379467,1441.159944,45355,45338
3.623341,1931.627141,45474,45424
1.856035,662.028852,44778,45602
3.678923,414.372017,45725,45697
1.383575,711.397952,44122,45847
2.945138,3067.429450,45969,45967
3.807548,2333.018320,46096,46025
2.575952,989.838198,46250,46249
3.633136,230.674841,46379,46370
3.615622,69.706241,46504,46444
1.281237,2641.178359,46613,46622
1.554514,932.989981,46709,46772
1.722975,1278.562269,46897,46907
2.094273,1793.939196,47007,47013
1.663377,996.535698,47139,47147
1.409890,1276.407094,47228,47267
3.087660,1795.298979,47403,47404
3.395447,1631.731874,47534,47515
2.857627,2021.361772,47654,47647
3.948044,95.230701,47772,47589
2.400076,501.719384,47901,47888
1.573943,257.702649,48013,48018
2.323943,3982.961580,48132,48131
3.818043,424.098931,48262,48218
1.509661,120.800128,48273,48400
3.087893,1265.873669,48519,48521
4.082196,423.509498,48648,46899
1.274866,2214.935297,48706,48766
1.661875,1626.206714,48884,48888
1.912572,162.401064,48911,49017
3.616591,43.680616,49151,49139
1.088178,2142.237385,49078,49283
1.296327,1057.676394,49029,49391
1.663142,2118.200607,49199,49530
1.374015,2115.255586,44625,49655
1.063074,1898.656179,49771,49779
1.917952,2554.849573,49890,49896
1.253052,860.384226,49992,50018
1.772840,188.947891,49331,50157
1.675320,335.385202,50235,50258
2.477422,1455.855369,50403,50401
3.723283,394.135867,50522,50454
3.965627,512.570728,50645,50639
3.262952,1401.428020,50786,50778
2.854655,2348.483126,50897,50889
1.829808,2957.419279,51024,51025
1.215863,887.416446,51118,51153
3.749737,338.737728,51272,51218
1.424123,1944.890768,51393,51401
3.200208,96.412466,51523,51518
1.898905,635.493089,51648,51646
1.714289,1437.861426,29193,51780
3.759241,752.729883,51896,51477
3.851338,754.536237,52030,51813
3.948784,974.642119,52146,51495
2.028671,1598.100439,52275,52277
2.750567,1935.993190,52404,52400
2.721840,2671.962992,52514,52516
3.197526,160.641923,52646,52623
4.079674,427.079278,52759,51991
1.606920,11.175702,52807,52895
3.819547,397.453686,53015,52938
1.109359,328.619713,53130,53164
1.084673,701.984238,53201,53270
2.427281,935.153500,53404,53387
1.761764,1264.446113,53518,53521
2.978959,456.849337,53645,53646
1.329570,1284.250546,53600,53757
2.024812,1283.864114,53870,53869
1.873821,405.031655,53989,54010
3.922502,1149.764539,54151,54146
2.368162,177.934547,54274,54277
2.096569,1243.841558,54405,54401
3.901561,471.220730,54537,54210
1.931577,611.861323,54541,54646
1.338336,319.318308,54763,54777
2.169672,578.215570,54884,54900
3.848363,3053.004150,55050,54966
1.211687,986.081299,55120,55173
1.690633,1520.611591,55308,55327
2.927505,450.453572,55460,55466
3.746114,145.259679,55577,55550
1.429681,278.711168,55687,55703
3.637312,1338.125315,55835,55832
2.744921,3690.802288,55970,55971
2.631498,627.183205,56109,56087
1.954538,3966.060509,56231,56236
2.406931,1035.321714,56366,56369
1.365794,25.752482,55170,56488
3.505287,632.503854,56629,56583
3.737160,1707.971072,56756,56508
3.944071,1623.712707,56861,56817
1.880881,227.161825,56976,56973
1.844104,943.747279,57116,57134
1.452587,1367.358824,57265,57272
2.232924,1327.426361,57361,57374
2.646474,1310.993187,57469,57484
2.762278,2684.319574,57610,57607
3.929833,226.482459,57737,57700
2.380156,1053.643988,57835,57864
2.888576,1253.930468,57997,57989
2.425464,3294.037830,58110,58128
1.728197,26.691249,58240,58264
2.866292,2205.677315,58401,58341
3.597022,1885.086273,58518,58275
3.302744,372.470866,58645,58635
3.249516,1424.681635,58769,58770
3.093593,2479.595161,58886,58882
1.258801,2078.652464,59010,59026
2.466349,1105.209530,59131,59139
1.146021,3050.076830,59259,59264
2.420348,183.447038,59394,59392
1.648164,2627.704252,59432,59520
2.158135,3355.758797,59623,59674
3.027687,218.371325,59788,59770
4.070333,3022.209781,59899,59695
1.025681,1522.326154,60020,60033
2.260286,1097.433805,60155,60162
2.630496,57.556461,60290,60289
3.019007,2144.857008,60436,60428
2.627835,594.268146,60538,60529
1.224599,1250.216836,59880,60657
2.154268,1443.080129,60797,60795
3.442373,319.635699,60930,60920
2.750268,2264.442437,61072,61062
1.471799,43.177955,61188,61204
1.632608,704.289267,61326,61336
3.288090,1137.334660,61453,61433
3.401366,4786.509078,61591,61587
3.411019,871.996576,61718,61701
1.397163,260.455636,61827,61848
2.667016,1713.923206,61994,61992
3.942003,703.530371,62103,61920
3.946848,2904.018464,62242,62129
3.497827,459.324814,62351,62343
2.111456,1139.095923,62476,62475
1.200077,1951.840899,60476,62614
2.311678,1634.155034,62757,62759
4.004569,1442.721306,62878,62753
2.814725,138.074616,63009,63012
2.047228,2552.022580,63147,63151
1.912318,1474.918788,62969,63277
1.402125,2276.038881,63353,63396
1.520460,265.175356,63506,63530
3.580233,3502.596251,63664,63522
4.037805,636.994851,63781,63743
1.659077,1519.597202,63868,63922
2.550813,1581.275265,64044,64053
2.256417,3521.169240,64161,64179
2.356373,569.451141,64298,64300
2.181510,491.765692,64437,64434
3.362486,906.261112,64585,64489
2.350946,533.659816,64698,64696
1.860481,544.541998,64818,64821
2.193960,113.324667,64943,64940
1.465425,2996.186515,65036,65039
1.872741,2336.961454,65184,65186
1.876756,4812.657684,65293,65300
1.995193,958.624495,65396,65421
3.764933,21.276684,65554,65524
3.469658,461.989380,65683,65584
1.621463,557.328608,63011,65813
1.918225,468.193267,65934,65943
1.883413,3076.513806,59450,66045
2.626954,1288.684838,66175,66156
3.432560,2418.500673,66304,66296
4.021292,382.221487,66413,66061
2.532916,1443.861977,66534,66537
3.774272,1768.413863,66678,66649
3.216599,2478.132950,66801,66802
4.105929,1242.319233,66929,55184
2.294389,1012.833125,67041,67043
3.041604,2514.953515,67161,67148
1.207736,1760.194960,66780,67296
1.692306,225.172060,67436,67440
2.933731,842.809879,67576,67579
1.708859,515.077289,67698,67701
1.509595,233.790362,67862,67867
2.334953,373.733307,67759,67992
3.752209,1819.782486,68111,68112
2.607809,459.704564,68251,68252
1.329802,1369.238044,67956,68368
2.731624,17.149812,68499,68508
1.475726,1325.469020,68608,68625
2.249890,124.307550,68744,68747
2.913449,704.973726,68856,68853
3.821515,320.766579,68979,68971
3.426922,291.118348,69105,69094
2.794675,1809.387703,69243,69252
2.552430,1454.226317,69382,69385
1.735620,1111.771647,69513,69515
3.809190,406.565500,69647,69432
2.301228,1565.776022,69777,69786
2.974477,22.439218,69915,69901
2.007525,1173.455829,70031,70041
3.366445,1548.926428,70195,70190
1.060252,3117.653972,70287,70291
1.722410,636.169417,70401,70410
1.633667,819.175356,70468,70519
3.890817,2279.299921,70636,70574
4.115307,248.215577,70766,39434
4.118166,1161.100844,70881,44167
3.318704,2490.903887,70986,70997
1.234274,2926.403242,71120,71124
1.095675,37.571858,71252,71255
1.686225,2702.806419,71314,71389
1.875221,475.243522,71289,71487
3.063170,892.585581,71616,71614
3.636015,846.124891,71762,71755
2.260723,531.024905,71845,71916
1.437192,3464.787464,71961,72024
2.623456,1512.946774,72154,72155
1.652605,134.974078,72266,72277
3.737771,59.579117,72399,72402
2.478023,516.313400,72530,72531
1.324043,2042.503709,72622,72649
1.779522,818.458233,72719,72780
3.247648,84.583642,72912,72907
2.190475,286.635893,73033,73034
2.559867,236.429422,73160,73151
1.962959,1539.655940,73299,73312
2.058672,413.242781,73435,73444
2.544842,184.316993,73566,73565
3.004209,301.864898,73690,73671
3.538192,2914.685239,73812,73788
3.827512,481.263843,73937,73874
3.133024,102.239338,74051,74056
1.157914,318.541389,74144,74177
3.838498,2518.934902,74294,74190
1.558220,2059.742990,74389,74415
3.201970,107.927371,74540,74522
2.031461,956.273756,74583,74673
2.323677,678.271769,74794,74787
1.511624,1234.118521,40162,74905
1.883620,1250.451997,75022,75046
3.467664,1499.026753,75176,75166
3.633493,1756.368142,75292,75281
1.875145,947.612389,75413,75420
2.408195,75.251297,75552,75551
3.048749,3510.967702,75678,75676
2.644977,530.617585,75789,75820
2.422598,596.943594,75962,75950
3.878697,374.695803,76090,75417
2.032656,11.912016,76181,76219
3.472349,4027.900414,76329,76308
2.016678,538.497791,76468,76472
4.033889,1705.081751,76580,73267
3.848876,128.074285,76713,76656
2.203019,216.343199,76812,76819
1.115047,1199.179889,76924,76927
2.171699,122.525327,77070,77055
3.190489,552.092544,77182,77169
1.445534,733.716918,77302,77340
2.209174,919.982134,77481,77482
3.820068,315.119348,77601,77377
4.046194,1191.380481,77732,77632
3.457225,80.440351,77859,77858
1.921789,141.832429,77920,77987
1.690986,212.453298,78089,78124
1.559973,498.179801,78246,78270
1.242877,1561.437953,78363,78395
2.527575,3317.155430,78512,78497
2.814618,662.545038,78618,78622
1.333143,1713.900804,78731,78734
2.594317,1212.882146,78853,78876
1.895995,1120.163130,78988,79017
4.066619,1500.755529,79145,79102
1.862815,922.928497,79181,79266
3.906054,45.114351,79413,79380
1.930151,98.071402,79539,79544
1.323870,2705.106779,79680,79686
1.204000,1476.553776,79820,79838
3.484657,2167.522008,79987,79968
3.678502,84.023504,80100,79809
1.945036,512.556027,80204,80212
3.874616,133.099051,80334,79843
2.442953,1208.340494,80440,80437
2.374268,1845.001749,80555,80561
3.049745,1753.917627,80703,80707
3.306106,2650.122474,80812,80806
4.034105,706.202418,80908,79579
2.810951,3229.401926,81035,81047
1.946246,599.818832,81169,81172
3.227938,750.165895,81305,81306
1.914110,1931.973827,81434,81436
2.243947,2027.295400,81557,81556
2.276877,579.076465,81662,81670
1.887941,72.493401,81724,81800
1.991437,1560.747113,81893,81922
2.767718,2422.434664,82033,82041
1.911440,524.181118,82166,82167
2.729448,2038.576108,82297,82291
2.606383,1931.951613,82438,82436
2.948957,4608.576142,82566,82561
1.979763,238.956962,82667,82686
3.480925,491.688049,82831,82825
2.534227,528.887437,82969,82974
2.695583,433.844725,83124,83123
1.333893,459.498529,83240,83247
3.674030,2560.098583,83391,83389
1.843378,355.262501,82860,83538
1.364914,1052.094977,83639,83670
3.408531,513.119623,83804,83802
2.570813,476.342509,83935,83919
2.117809,1636.014931,84058,84052
1.046919,4224.249451,84187,84188
3.764014,157.951581,84304,84014
1.957373,160.026388,84436,84425
1.346334,849.491612,84547,84557
3.775422,1769.536064,84672,84558
1.035107,3499.840910,84790,84792
3.258855,1849.366975,84898,84893
1.991653,220.731840,84997,84998
1.155477,192.224772,85071,85124
2.534374,770.254474,85206,85237
3.897299,33.348450,85373,85347
3.178381,1429.614653,85476,85492
1.464888,731.511897,85621,85622
3.452967,2676.431026,85740,85724
1.490999,3648.390037,85889,85897
1.843518,260.190876,85411,86007
2.769043,11.330105,86128,86127
1.072351,3441.351422,85071,86250
3.273781,3269.428443,86360,86351
2.267169,1494.654701,86491,86489
1.003361,983.056270,86595,86606
1.459843,814.071097,86643,86734
1.758387,2282.225399,86859,86863
1.992992,864.031516,87004,86821
3.978776,441.314669,87124,86971
1.459478,1034.495547,86687,87247
3.879248,3881.834193,87359,87350
3.575409,1900.975953,87495,87422
2.956132,140.283309,87631,87619
2.461562,3704.285387,87758,87759
4.058904,870.061463,87877,85676
3.462996,295.385963,88013,87952
3.697583,267.372358,88141,88094
3.534389,308.305554,88257,88250
2.242084,1833.365886,88369,88363
3.676656,2197.308144,88505,88506
2.385248,695.060253,88626,88643
3.845831,2231.417911,88752,88634
3.384404,2520.356575,88879,88885
3.277130,3390.204932,89022,89015
3.249040,712.865408,89162,89159
1.171558,1973.889417,89295,89296
2.471831,279.054790,89419,89417
4.060414,2547.829002,89542,88964
1.574827,1249.548731,89658,89671
1.512844,183.626395,89774,89782
2.202671,306.821943,89921,89925
2.509588,477.385840,90060,90044
1.716674,23.436134,90192,90194
1.454530,84.228468,88747,90319
2.522487,774.549891,90450,90447
1.169074,82.132797,90110,90566
3.142252,2051.594022,90710,90614
1.518264,88.739647,90816,90831
3.600078,499.160712,90979,90948
3.334983,1015.326753,91126,91101
1.505907,597.718411,35186,91247
2.743235,2470.162771,91397,91390
1.938062,1877.090735,91512,91514
2.867743,1281.479426,91640,91633
1.770124,971.203177,91693,91757
3.581782,1236.970511,91893,91814
1.496082,3955.860019,92030,92033
2.641382,64.417458,92165,92164
3.174610,1005.332835,92294,92271
3.759425,1686.565151,92427,92404
2.994872,2270.510507,92565,92561
1.841889,2186.555234,92683,92687
1.946862,2726.378570,92783,92810
1.318382,76.413105,92927,92948
1.117069,317.750522,93064,93069
2.187334,2054.835776,93178,93194
1.328017,413.301365,93318,93321
3.916569,403.504108,93433,91490
3.336513,464.595409,93561,93554
1.683126,1960.845396,93681,93687
3.038760,1725.384138,93830,93827
2.758625,224.775539,93935,93949
1.991403,608.213802,94026,94056
3.278057,705.316119,94187,94178
3.532049,756.678415,94306,94179
3.570122,939.190756,94434,94435
1.150640,1128.441068,94572,94579
2.843666,187.578037,94708,94706
1.269382,608.023406,94690,94831
2.475106,3967.894769,94977,94974
2.484721,207.296382,95089,95086
1.339130,3660.796112,95187,95204
3.631049,2021.521002,95352,95294
2.051602,50.561158,95454,95460
2.846368,1432.206241,95602,95604
3.366447,2109.932126,95733,95706
1.882865,1177.951962,95855,95873
1.788317,151.366062,95906,96000
2.874379,2199.496204,96117,96113
3.504444,1784.158569,96248,96078
2.613313,1307.171530,96378,96385
3.721598,2292.868829,96526,96518
2.766352,586.409751,96662,96657
1.110550,313.549884,96765,96789
2.458245,1707.567507,96924,96927
3.048129,747.014868,97062,97064
4.002730,3672.585568,97193,91641
1.624969,1339.674380,96811,97317
2.850444,2736.978967,97427,97428
3.727799,608.793759,97564,97549
3.317796,1894.158653,97696,97677
2.611342,3468.532193,97833,97824
1.825459,78.623480,97731,97956
2.620390,2041.014055,98074,98052
3.290253,1069.987344,98210,98198
1.190488,2093.594219,98323,98345
1.870848,287.876395,98445,98457
3.682501,1467.120082,98604,98570
1.648859,2064.392283,97194,98697
1.361254,169.633374,98802,98848
2.477402,3619.984501,98986,98981
3.003084,485.977646,99117,99111
4.005859,3563.358953,99239,98550
2.060173,71.406712,99342,99375
4.026399,2455.256603,99511,99322
3.852397,863.600914,99648,99604
1.178091,2463.942693,99197,99758
2.228872,2861.678529,99897,99893
3.357098,2769.255970,100049,99924
3.761434,963.504138,100151,99825
1.026268,1363.761122,100277,100279
3.965374,87.606921,100405,100365
2.519380,587.487381,100528,100533
3.461284,1773.127163,100682,100662
3.455256,471.914434,100811,100788
2.197765,2926.171383,100896,100912
1.242306,974.875337,101050,101057
3.647184,2239.941516,101175,101142
1.096377,991.679562,101276,101281
2.351224,291.612461,101411,101407
1.295519,406.170873,98770,101527
3.369679,1602.734449,101635,101645
2.221681,1084.922283,101756,101759
1.250017,3065.582532,101882,101886
1.852272,1298.432978,101988,101989
3.369785,1351.669383,102131,102128
2.260041,2353.721355,102262,102265
3.054122,2514.753593,102376,102371
3.387049,698.636203,102506,102491
1.987218,1980.788918,102626,102633
2.337088,1551.274864,102754,102772
1.374052,2387.329731,102882,102889
3.511426,98.428891,103019,102967
1.942377,2670.340869,103149,103152
2.543131,115.382869,103243,103286
4.064561,26.364730,103394,96315
3.680721,200.465346,103517,103501
3.111626,4156.146979,103640,103634
1.540431,3762.830223,103745,103768
3.859947,435.890555,103895,103630
1.556362,2230.620944,104021,104024
2.390299,1941.431286,104150,104141
1.046678,1347.554334,99024,104267
2.424571,2957.929801,104386,104381
2.420066,99.596516,104538,104541
2.184119,3442.849983,104661,104675
3.749505,271.368621,104799,104798
3.107588,2775.726926,104963,104964
1.484326,1274.998877,104484,105082
2.910053,1760.137601,105202,105201
3.240357,311.071110,105360,105309
3.754797,940.194006,105495,105265
2.148467,84.001769,105342,105625
1.496200,378.002941,104443,105767
2.990346,1608.543407,105893,105823
3.495645,443.516590,106027,105701
1.074157,1205.215991,106146,106158
3.819026,169.013280,106294,106221
1.848548,2718.220193,106404,106416
3.793468,1987.237837,106542,106496
2.008467,1226.005701,106672,106681
1.793672,145.132312,106775,106792
2.689925,1447.801054,106908,106904
2.993833,988.705725,107036,107034
2.158174,2936.915434,107154,107139
1.814418,602.831953,107278,107284
2.140754,1953.988757,107405,107410
2.747226,1070.371905,107554,107548
3.889794,3741.377080,107659,107658
3.397130,674.265269,107769,107768
2.176975,288.688481,107895,107892
2.676572,1638.066811,108010,108002
4.040702,1100.495271,108136,106812
2.126986,539.850458,108253,108255
3.310548,1738.362279,108358,108348
2.829229,1046.628806,108455,108464
1.272906,176.979165,108496,108593
3.628136,313.185215,108706,108699
3.692123,1720.930212,108820,108810
3.147429,621.397422,108942,108945
1.797329,1099.236268,108637,109077
3.525219,20.983131,109203,109170
1.885117,2257.555453,109299,109337
4.072125,141.860037,109478,109148
2.473493,156.634502,109613,109609
2.579886,3666.661328,109718,109730
1.161399,2231.433629,109856,109867
2.123167,1982.505719,109987,109991
1.032537,669.891144,110118,110120
2.877613,4333.011231,110243,110240
3.357460,85.108195,110346,110342
1.502585,155.422459,110447,110480
2.792478,670.013876,110639,110638
2.073104,575.417563,110748,110747
2.457970,1529.722019,110868,110865
1.618496,2097.955463,111004,111008
3.499618,2296.540561,111138,111119
3.726801,576.813751,111271,111216
3.871938,495.415428,111400,111384
3.436477,210.449519,111511,111515
2.753806,2183.547712,111660,111654
1.905129,1941.737117,111794,111798
1.782589,1147.406268,111909,111920
1.883791,1686.229374,112006,112026
2.474968,1235.306460,112152,112153
1.646414,464.136291,112289,112292
2.086232,1813.066412,112407,112438
2.492873,580.459207,112550,112545
3.980809,403.811423,112678,112542
1.527864,1367.549113,112800,112809
1.888904,1416.106950,109551,112908
1.164961,1161.250614,112990,113028
3.312781,1787.984618,113178,113175
2.266118,421.793526,113154,113315
1.459330,2252.363958,113424,113426
3.946814,751.800390,113565,113208
1.555637,1055.300437,113669,113674
1.632830,568.618887,113529,113807
2.240659,1111.166001,113917,113920
3.755480,596.302264,114033,114004
3.244397,1574.275808,114163,114155
3.449801,714.625821,114281,114255
1.053876,273.321806,107143,114397
1.795624,2005.384313,114523,114525
1.625856,110.436705,114502,114639
2.067971,505.883132,114768,114769
3.307670,2918.461680,114888,114891
2.937735,2157.509503,115009,115020
2.465969,1900.230752,115122,115124
3.566169,273.985712,115247,115249
3.331053,1286.145942,115377,115373
1.081395,284.822602,115415,115497
3.891374,955.630318,115630,115593
1.878806,214.570229,115726,115767
3.137995,1086.829869,115900,115890
2.003619,639.534947,115909,116014
2.550142,1903.966533,116131,116139
1.843230,2697.053507,116241,116252
1.202913,1008.994233,116376,116386
2.515036,2028.233103,116503,116501
2.941270,802.495316,116640,116601
1.054333,2492.370864,116741,116742
3.081561,3175.606970,116879,116861
1.111552,1984.313026,116992,117004
3.871879,1065.227548,117152,116952
3.731317,1191.322161,117267,117260
3.395358,2580.237484,117398,117399
2.219349,1006.399583,117532,117530
2.551836,143.483049,117659,117655
3.476880,942.948993,117790,117776
2.855351,276.863755,117881,117908
4.114208,505.283224,117989,102056
3.781779,1327.273706,118134,118117
1.086826,1025.111129,118271,118275
3.806962,354.878838,118414,118181
3.648371,1608.020125,118545,118499
1.594801,920.611337,118537,118670
1.495928,2118.679387,118778,118791
2.990773,1904.300789,118892,118896
1.554351,73.255600,118977,119002
3.363934,481.730952,119133,119078
1.559803,2590.301328,119240,119247
1.202227,693.678728,119251,119386
3.988264,2033.505642,119507,119263
3.680825,1004.230351,119637,119599
1.244360,169.088921,119758,119777
2.411477,2881.920317,119891,119889
1.091226,2367.356292,119898,120035
1.707538,409.710505,119661,120147
2.077032,439.256511,120249,120266
1.800540,78.094482,120382,120410
2.971800,2135.954672,120552,120487
2.234431,44.314063,120652,120673
3.364223,169.940536,120807,120796
1.252182,1659.127037,120927,120940
1.264311,1968.988241,120945,121053
2.838539,106.451842,121179,121154
3.273134,895.533411,121320,121322
1.707840,540.016726,121451,121452
2.731338,1497.477532,121576,121573
1.709853,2905.887489,121604,121708
2.226073,79.643806,121841,121830
3.928719,746.458269,121986,121832
3.609980,1135.317959,122124,122111
2.394931,111.591936,122214,122256
1.063897,2172.974554,122235,122356
2.973152,1680.038233,122490,122467
3.494197,264.481609,122606,122515
2.464226,1314.180493,122752,122750
1.351256,1061.233647,122864,122887
3.790072,2248.899854,123008,122915
1.878532,811.026101,123124,123149
3.322788,462.644771,123292,123290
1.901071,2953.603699,123407,123415
2.209923,4143.299374,123531,123530
3.165629,623.012411,123688,123682
2.448486,530.257241,123808,123810
3.642881,2200.923321,123937,123934
1.422466,732.779793,124063,124064
2.823215,2264.524685,124184,124178
2.812312,2254.437636,124315,124300
1.851393,179.166322,124426,124460
2.390007,2819.661637,124549,124577
2.018974,361.251151,124715,124717
3.887891,2431.007606,124852,124810
2.370952,450.309038,124978,124971
1.320706,2385.436694,125096,125112
3.458375,1789.879797,125233,125212
2.805882,732.026497,125367,125352
1.484837,417.531185,125488,125489
2.876806,467.563863,125596,125593
4.017306,2864.428812,125708,125448
2.527140,726.492228,125859,125862
3.324711,1109.642492,125980,125958
1.073851,787.500269,126103,126109
1.174222,1412.987983,126222,126227
1.180782,620.292350,126332,126343
1.950214,943.060631,126450,126459
3.132778,2773.530305,126581,126572
2.914746,890.695971,126699,126690
1.837946,1617.969204,126831,126852
1.897561,66.453939,126965,126970
3.389214,1284.805581,127102,127042
1.243578,1019.962131,127219,127221
2.883334,818.145135,127385,127375
2.446240,1542.147240,127509,127513
3.028843,237.023999,127643,127626
2.442467,993.464278,127782,127776
3.238798,541.056644,127924,127921
2.692225,369.119128,128023,128053
1.971841,399.388606,127947,128181
3.845045,2040.976529,128300,128296
3.200470,1026.758776,128432,128431
3.403383,329.161676,128583,128563
1.442696,250.325105,128543,128702
1.066410,709.714301,128813,128824
1.676939,1982.081760,128888,128938
2.300358,2326.981778,129078,129080
1.822459,2034.766573,129101,129204
1.750073,547.214977,129322,129324
3.571633,1389.024894,129467,129464
3.900039,456.005872,129588,129222
3.619511,1608.969794,129725,129724
3.139677,531.536370,129858,129845
1.184479,87.222717,129968,129971
3.084844,50.304744,130084,130089
2.674119,629.000380,130233,130228
2.531634,2009.224030,130356,130333
1.777579,809.573795,130477,130488
1.969365,110.115470,130605,130628
3.750057,203.889215,130754,130501
1.412597,1661.094094,130846,130871
1.834890,2492.436847,130895,131008
2.744883,2674.637761,131144,131140
3.711041,57.678914,131260,131259
2.604718,83.712116,131402,131406
2.076530,97.708757,131539,131543
3.182296,702.379433,131671,131663
4.003570,2485.549000,131763,131669
1.051291,698.114376,131887,131902
2.829574,870.314839,132050,132031
2.921909,1649.836686,132180,132176
3.774936,388.024030,132293,132093
3.535991,3449.076373,132409,132356
3.335073,631.417301,132520,132508
3.474891,43.577426,132654,132656
2.131506,464.769486,132771,132780
3.735208,480.146579,132915,132881
1.809245,193.714361,132775,133062
3.312096,283.873974,133185,133070
3.429298,2154.290613,133313,133301
1.241476,2500.683480,133410,133435
2.133814,3323.853017,133543,133575
2.313666,1598.434176,133681,133703
3.570961,749.071278,133829,133818
2.436806,3849.128806,133937,133943
3.853700,2576.687034,134074,133452
1.582789,763.488194,134208,134220
3.078586,532.444005,134330,134320
1.109139,2837.821136,134440,134466
1.113198,1011.867397,134326,134586
2.700568,16.895625,134699,134716
1.989654,179.858602,134839,134842
3.966181,812.824885,134978,134821
1.587309,2071.470445,134930,135113
3.667217,2251.901885,135237,135048
1.190484,4600.269841,135353,135356
3.550653,3743.583653,135479,135448
3.964222,82.428318,135596,135488
3.621169,1839.857064,135736,135722
2.566566,780.550525,135869,135867
1.744389,433.114286,135830,136000
1.122137,1928.832395,136111,136124
3.411554,2510.078744,136233,136221
3.898373,2175.244485,136336,136313
3.180747,4049.109931,136483,136481
3.077807,252.883655,136606,136616
4.018436,611.317869,136741,136482
3.324269,575.847916,136890,136871
3.769189,805.473533,137012,136888
1.415962,2951.996903,137108,137132
3.322338,380.522032,137260,137253
3.064094,460.646773,137400,137397
3.110647,292.914376,137535,137505
3.024237,995.212096,137690,137688
1.534166,473.190168,137534,137798
2.552419,539.876260,137938,137942
2.084355,254.089158,138008,138048
3.694732,1576.093921,138194,138121
3.798758,1515.156965,138325,138317
2.803878,786.832461,138441,138444
1.894036,828.425290,138575,138581
3.739250,1472.968312,138713,138681
1.626721,89.538827,138844,138845
3.340122,222.371055,138994,138900
2.724383,1803.993015,139126,139115
2.633054,273.865840,139267,139265
2.960613,313.178885,139400,139385
1.498225,2220.531373,138847,139492
3.823963,732.297054,139617,139533
2.408864,2778.304488,139748,139754
1.085227,1509.165522,139880,139881
1.882122,74.548010,139920,140012
3.432124,607.954628,140144,140136
2.485764,2293.248962,140300,140309
1.782250,2703.523357,140431,140433
2.150005,115.200997,140537,140545
2.053981,2980.376744,140665,140667
3.538628,2422.682999,140800,140794
3.980033,9.732174,140917,140874
1.142541,417.832611,140106,141053
1.492012,341.174375,141190,141193
2.486634,1327.550188,141323,141317
2.035235,121.990306,141453,141458
3.010083,2102.803181,141572,141571
2.263248,291.011055,141698,141697
1.518361,268.430039,141633,141819
1.415292,718.974839,141773,141947
2.503399,1911.319356,142056,142058
2.662408,1930.117955,142201,142183
2.768432,1034.009002,142324,142322
3.229408,581.347571,142452,142458
1.857031,3226.995999,142573,142599
3.538519,568.507697,142737,142725
2.684565,2601.420917,142852,142849
2.935877,1350.155784,142996,142992
2.935204,710.655767,143130,143131
3.204905,1818.749230,143275,143156
2.522349,3423.480560,143399,143396
2.349196,224.676060,143523,143522
1.823734,2095.841493,143634,143651
2.589878,1117.721195,143784,143792
3.303256,165.800782,143919,143817
2.003854,271.068407,144047,144033
2.645523,868.847660,144177,144174
1.175265,584.031513,140633,144306
2.817237,800.192857,144431,144415
3.148160,76.831419,144544,144549
3.686370,673.298903,144682,144496
1.541060,694.718109,144811,144815
3.489950,687.701975,144917,144907
1.085554,2516.484246,145027,145050
2.378842,891.868644,145150,145146
3.306725,1541.255862,145297,145277
1.142532,727.023412,134087,145411
3.924622,1955.125102,145523,145450
3.415790,937.709081,145662,145631
3.979325,2974.870798,145777,144319
3.808226,955.732086,145899,145891
1.918351,738.263166,146026,146027
3.298501,1464.880487,146165,146157
3.327973,1962.547931,146294,146262
1.850767,869.902244,146405,146435
3.901999,10.231503,146559,146375
2.193896,1334.785422,146659,146679
3.864285,1631.951559,146812,146608
1.832735,2641.232762,145757,146939
3.001177,1032.171168,147081,147070
2.810724,246.208091,147207,147206
1.666360,383.580574,147323,147325
2.490417,475.587870,147443,147432
3.101814,597.170699,147565,147532
1.675964,3104.379223,147691,147697
3.890191,1819.806481,147800,147681
3.196798,1145.561042,147948,147943
3.622224,2404.624953,148080,148073
1.663485,1827.485937,148215,148229
2.283578,3388.178894,148347,148351
1.813325,973.301565,148456,148464
3.325468,590.582846,148595,148558
1.752386,1123.873889,148714,148715
3.300885,2622.880262,148854,148839
2.735284,1620.285541,148988,148983
2.108768,829.576200,149110,149108
2.238849,350.288464,149235,149246
2.566670,2650.947790,149388,149395
1.710913,2670.143284,149472,149498
2.797247,3302.020076,149640,149637
1.500911,1466.831992,149765,149782
2.985487,416.217494,149914,149902
1.799276,192.995366,148768,150035
3.471949,779.327321,150172,150092
1.957148,2435.950063,150291,150292
1.023363,1288.052434,150374,150413
3.441026,3924.202036,150556,150555
2.285908,2477.604360,150673,150698
2.121430,1221.543099,150794,150799
1.389161,268.547461,150924,150925
3.021833,226.349135,151030,151059
2.086824,1389.748777,150929,151165
2.297806,2411.321395,151293,151284
3.519359,235.737083,151427,151418
2.101728,1711.126108,151528,151524
2.977402,490.020431,151652,151650
1.536277,1218.597994,148699,151779
2.997562,1182.047251,151912,151908
3.545381,1466.637825,152064,152038
2.770003,4045.353944,152192,152193
3.217049,12.088932,152321,152322
3.438410,1625.509831,152414,152411
2.122717,1044.965351,152518,152571
2.770122,471.827765,152686,152680
4.001726,1541.654464,152819,152500
3.528505,240.732937,152926,152918
3.702664,606.425847,153052,153032
2.582201,982.498068,153194,153168
3.037530,564.817398,153319,153316
1.876679,2613.067046,153430,153446
4.071085,1020.061151,153568,150554
2.061773,1534.528890,153718,153732
1.474416,989.267898,153862,153863
1.905431,3512.779242,153842,153978
3.608499,145.246744,154103,154090
4.073861,3312.337948,154237,153717
1.095445,586.586484,154110,154336
2.732342,31.177260,154451,154459
2.959989,923.429574,154603,154594
1.843704,829.730853,154721,154736
1.872333,719.678956,154884,154886
1.688175,1167.297112,155002,155014
2.147493,3239.663105,155138,155139
3.908787,1302.791174,155254,155244
3.900299,2398.072704,155390,155373
3.075669,399.905383,155511,155521
1.248199,2355.991906,155620,155645
2.456401,777.188921,155736,155750
2.812733,887.606628,155880,155875
1.378323,863.413651,156012,156015
3.685691,1333.641714,156149,156130
1.684868,369.173440,156269,156272
1.563800,1517.838114,156308,156390
4.073391,473.808486,156510,156244
2.374697,231.254450,156647,156645
4.078251,1721.532795,156778,156671
2.661559,692.557909,156900,156759
2.650956,384.794558,157014,157015
1.211858,216.993680,155056,157143
2.575020,1432.239301,157269,157236
2.225123,2498.190712,157409,157407
3.389222,830.707225,157554,157548
3.312025,373.468820,157670,157660
2.637747,2365.949311,157793,157800
3.550255,308.173317,157947,157837
3.744875,75.304976,158077,158004
3.021878,447.055228,158200,158199
1.834344,34.048660,158333,158338
3.867022,2139.752127,158448,157319
1.600409,2611.982269,158566,158568
3.169226,1576.749306,158703,158701
3.118033,1164.394506,158817,158815
2.372161,201.753091,158948,158946
2.930423,140.260106,159074,159067
3.648852,734.868441,159201,159182
2.201495,1068.607283,159281,159335
1.972780,1217.239031,159464,159473
3.736864,2851.465806,159587,159523
1.885580,385.841717,159717,159722
2.996710,295.327041,159826,159811
3.790500,221.339973,159950,159797
2.406490,780.156239,160077,160080
1.952554,2681.788514,160209,160215
2.672540,3943.078588,160339,160343
3.558540,3155.718571,160475,160474
1.551658,478.008664,160592,160612
2.646341,789.065021,160747,160746
1.784016,2136.786302,160876,160880
1.982597,885.364354,160959,161017
2.401847,474.099997,161144,161148
3.625837,118.794459,161267,160758
3.018807,1372.194001,161387,161383
3.975487,1994.434163,161489,160659
1.102989,1519.318934,158613,161611
3.930788,1338.263072,161742,161588
2.573849,2434.945764,161844,161846
1.225656,1009.402530,161939,161976
3.232384,712.646619,162107,162072
3.191063,440.870725,162257,162193
2.262866,828.258831,162369,162362
3.057398,802.690359,162498,162478
2.841405,2350.435958,162610,162603
1.004736,2005.431791,162726,162727
1.089954,373.211141,159010,162837
3.914786,656.867214,162966,162342
2.203841,2590.198430,162978,163085
1.883471,141.577042,163214,163216
2.811415,284.857337,163342,163341
1.278289,621.546499,163485,163492
3.695901,695.413294,163610,163443
2.593281,823.875434,163743,163734
2.215316,415.067091,163874,163878
2.625579,1091.780878,163995,164009
1.954504,1352.139151,164073,164132
1.290211,1283.504854,164252,164265
1.669929,1817.976133,23243,164384
3.595273,926.390640,164512,164507
3.636462,2677.379075,164653,164623
1.357851,3047.650229,164769,164777
1.404963,87.997406,164898,164899
1.142716,1133.110291,165032,165036
1.233655,1958.896504,165120,165182
2.982584,1369.866259,165304,165299
2.308517,547.267899,165445,165436
3.181470,1565.077054,165581,165579
3.866748,1474.480950,165692,165375
1.784522,773.327046,165820,165821
1.702604,96.850285,165932,165944
3.837337,370.525651,166063,166062
4.049578,3506.260794,166198,166195
1.258984,423.052400,166082,166333
2.299992,269.312713,166429,166454
2.884214,315.405779,166572,166562
3.391504,601.523567,166713,166686
4.084053,171.104377,166848,160688
3.850022,2079.867997,166970,166938
1.109676,708.457984,167097,167110
2.336362,1445.086542,167219,167230
3.589654,1522.401597,167370,167339
3.651024,602.401709,167501,167371
3.425522,1320.124467,167624,167578
3.771876,900.831809,167769,167692
2.960166,3894.676166,167916,167898
1.924214,523.735856,167723,168024
1.547358,1429.689188,168151,168152
2.039824,879.774765,168252,168285
3.192965,1066.577144,168398,168390
3.018282,2152.547366,168515,168513
3.347418,482.990568,168629,168612
2.785047,991.988596,168748,168746
1.836236,920.738317,168852,168865
2.634265,374.041924,168996,168992
1.035679,3230.480129,169120,169134
2.796894,719.752473,169281,169271
2.247587,947.211655,169413,169393
1.074459,2746.217320,167868,169518
2.097540,216.038546,169604,169636
1.638112,2333.939608,169721,169761
1.302472,3878.789863,169882,169893
1.759823,2273.902167,169904,170020
2.948668,1237.599748,170131,170132
2.959039,1067.683767,170268,170262
3.979408,290.090427,170398,170189
2.077484,26.286439,170526,170535
4.042357,101.267837,170692,170625
3.893773,332.552196,170810,170714
1.959583,228.993654,170813,170932
1.804457,807.388190,170617,171040
2.049855,190.888291,171135,171169
1.743767,863.977221,171288,171289
2.173032,200.447544,171372,171431
3.295112,412.033117,171551,171546
1.859021,1661.830340,171462,171673
2.783216,2367.623461,171804,171803
1.435103,2256.714817,171941,171942
2.579140,342.904634,172050,172049
3.606670,491.708654,172176,172152
1.598061,449.437626,172279,172288
1.798739,2388.648772,169812,172414
2.721931,4428.369831,172537,172540
3.341684,1368.353959,172677,172669
3.561816,2803.970190,172779,172774
1.899987,475.004276,172895,172900
1.669402,1176.796236,172958,173015
1.206799,1811.728694,164677,173143
2.065204,1428.342978,173237,173249
2.967719,1104.326670,173381,173382
2.075258,856.730744,173495,173510
2.633562,1525.830630,173637,173614
1.459430,1655.892706,173728,173765
2.597090,2493.852741,173876,173888
1.806603,916.204103,173986,174041
1.391307,377.712040,174155,174156
3.448298,1416.248483,174268,174254
2.985392,2360.718367,174425,174415
1.594862,287.357744,174492,174548
1.456807,1611.655830,174644,174674
1.018491,1748.997206,174804,174811
2.222170,772.288327,174659,174929
3.947293,858.834646,175063,175052
3.271160,4818.658033,175173,175175
2.422197,1140.154420,175319,175310
1.834972,610.783267,174573,175438
1.444609,934.648715,175568,175570
2.357632,2968.255231,175676,175682
2.838378,856.771913,175806,175802
1.669415,863.899992,175922,175934
3.877930,2103.087192,176052,175390
2.673685,187.225647,176192,176167
2.683775,4034.254266,176315,176313
1.000564,1306.708674,176433,176439
2.277023,3636.022874,176555,176556
3.042666,1814.016834,176676,176671
1.361590,650.722155,176765,176780
2.308358,1170.467382,176906,176909
2.820414,2187.943577,177036,177031
3.238437,1690.800145,177163,177162
3.496184,2287.193503,177277,177275
1.011953,462.189884,177392,177403
2.355605,991.710660,177536,177542
1.246658,257.294185,177535,177667
2.129708,513.493290,177789,177778
1.750346,260.165969,177916,177919
1.101238,674.625892,177984,178021
3.753901,1772.559981,178148,178124
2.207929,1376.886375,178269,178274
4.103593,2397.910543,178409,140175
4.102518,83.983494,178546,178496
3.906208,117.358659,178687,178644
3.530715,759.922247,178798,178797
3.951635,292.904151,178945,178900
3.819624,478.051045,179073,179057
4.065162,471.587268,179193,178736
3.134660,110.832481,179348,179310
3.634451,2189.009871,179459,179423
3.647007,3341.623088,179616,179607
1.608485,619.400936,179663,179750
2.204032,2133.125312,179605,179865
1.207908,912.403154,178346,180017
1.025133,2500.360113,180128,180140
3.351695,3084.090998,180267,180254
2.953660,316.102450,180390,180389
1.503155,2470.808775,180505,180520
1.548961,36.738128,180639,180663
2.782008,1011.342111,180783,180789
1.272352,12.044260,180892,180929
1.781883,908.685707,181003,181051
2.061703,2099.151393,181182,181189
3.739515,2603.043464,181309,181272
2.339175,961.999616,181429,181430
1.759395,2555.764719,181536,181557
3.932267,1583.967294,181683,181477
2.441555,1369.505176,181812,181810
2.673437,2243.298659,181929,181923
2.560375,160.866663,182051,182064
1.419665,1694.078467,182160,182180
2.239446,2792.564791,182296,182308
2.594524,431.255600,182423,182422
1.403566,634.727575,182530,182536
3.179771,838.542748,182669,182522
2.346529,1508.567912,182813,182819
1.300303,1375.937737,182747,182942
2.404390,600.035383,183062,183072
2.822397,930.963350,183211,183206
3.840498,1627.468415,183355,183308
2.378853,2049.278336,183503,183500
2.088456,3279.268334,183022,183647
3.477333,2655.352138,183802,183689
1.266370,2984.610400,183921,183926
3.301442,1003.565386,184046,184037
1.879573,882.140775,183931,184153
3.164521,744.931452,184284,184282
1.789726,95.693331,184350,184385
2.424175,102.426767,184514,184513
2.855323,991.350994,184642,184624
3.742143,987.686363,184772,184771
3.339768,1077.328000,184889,184840
3.643913,548.589772,185023,184995
1.965746,2089.548544,185093,185150
2.811243,3226.620163,185279,185282
2.844041,1543.081057,185409,185418
2.188119,314.314846,185548,185564
1.255234,393.934431,180782,185669
2.403499,697.218766,185802,185782
2.359485,854.402071,185948,185943
2.119813,3910.595741,186060,186062
2.464305,1485.708645,186164,186165
3.361482,557.418853,186298,186233
3.699871,901.793032,186424,186386
2.210675,3408.547017,186548,186547
2.450884,1355.314941,186684,186681
2.818899,2802.720292,186845,186840
3.142029,1335.318632,186976,186958
2.734805,3326.420666,187110,187107
2.065106,354.925019,187245,187233
2.389692,175.892296,187339,187366
1.036553,1943.514286,187440,187484
3.724707,2869.471110,187600,187599
1.584743,1170.488676,187708,187721
2.473106,2534.637453,187841,187832
3.952898,2431.648675,187956,187898
1.576276,2530.171443,188070,188091
3.124748,483.356888,188205,188202
2.728342,495.617905,188334,188330
3.274575,251.387097,188461,188442
1.006687,623.171361,188584,188585
3.747279,1492.419819,188701,188700
1.666865,309.486945,188803,188819
2.039723,1540.718256,188921,188939
1.810485,432.100340,189089,189096
3.077116,1003.683574,189210,189218
2.295244,549.287941,189343,189350
1.084800,308.927314,189383,189481
1.259497,460.889189,189589,189608
2.515021,660.461870,189720,189737
1.883662,347.820957,189839,189860
1.990220,1082.999276,189963,189972
2.660215,497.671625,190099,190104
2.213577,178.473706,190159,190230
1.910957,842.408757,190331,190346
1.503628,2103.461234,190464,190473
4.108840,1132.563518,190591,156957
2.057813,3131.694154,190722,190724
1.116412,955.192501,190832,190850
2.171909,1487.516830,190979,190981
2.231919,3569.501429,191071,191105
2.958192,2197.265101,191232,191229
3.339691,243.395491,191390,191378
1.275258,559.867518,191521,191522
1.404352,1187.959579,191638,191653
1.509132,81.077734,191757,191787
2.726826,215.453691,191892,191888
1.776558,1030.624353,192018,192033
2.954156,999.327228,192183,192173
1.115702,511.687644,192329,192341
1.052282,405.976199,192474,192475
3.827676,505.038941,192600,192595
3.551183,255.839471,192725,192724
2.356999,201.724864,192852,192851
3.139611,761.025580,192976,192951
4.041105,1860.708279,193088,191386
4.029674,390.822042,193227,193186
2.007146,663.772449,193346,193347
3.588122,887.697427,193501,193480
1.549349,568.783675,193517,193650
2.257532,74.875263,193743,193759
1.262218,605.884108,193894,193898
3.465430,1158.680884,194024,193990
3.295464,2469.693490,194149,194120
3.944837,1678.673180,194270,194026
3.045658,897.493402,194408,194400
3.808358,627.331637,194516,194466
3.209623,375.380649,194626,194622
3.814387,355.303654,194750,194651
1.967762,3022.233848,194852,194856
4.050843,949.758390,194968,194485
2.883585,1435.217896,195061,195094
4.040557,2678.710879,195219,195178
2.293787,1157.969750,195356,195357
1.525334,576.036645,195239,195484
3.176965,317.401647,195616,195612
3.280498,348.723825,195738,195737
4.109308,865.961911,195859,137355
3.328272,553.898659,195991,196000
3.473698,2331.584574,196130,196128
3.046017,687.981962,196257,196254
1.258940,456.032209,196380,196396
3.361642,3163.647930,196524,196522
2.758165,1789.434697,196633,196628
1.921911,2360.514624,195640,196771
2.747781,897.636991,196923,196922
1.865278,466.642513,197044,197048
1.459701,317.693419,197092,197178
2.156314,2647.024991,197312,197314
1.338137,1505.538999,197281,197422
1.568365,1247.599752,197382,197558
1.272761,596.836474,197662,197718
1.044130,1129.610034,197037,197823
3.116294,1350.103723,197967,197965
3.678850,3004.877908,198093,198078
1.762558,1575.019501,195108,198204
3.424846,489.149962,198325,198327
3.844342,2444.210870,198453,198376
3.013974,899.786674,198572,198562
3.838306,909.381450,198688,198687
2.940746,2191.861897,198822,198834
2.090750,1242.059517,198942,198960
1.363000,1282.659641,199027,199084
1.009906,1388.051026,199225,199226
1.321130,423.241227,199341,199343
1.390831,1506.031610,199416,199484
2.145231,615.677086,199616,199614
1.584674,364.690208,199744,199747
3.606066,140.394987,199869,199847